AC-011 Garland,garland
Arsène,arsene
Dragonyule Jeanne,dyjeanne
Dreadking Rathalos,dkr
Fudo Myo-o,fudo
Gaibhne & Creidhne,gnc,g&c,gaibhne and creidhne
Gala Bahamut,baha,bahamut
Gala Beast Ciella,ciella,bciella,biella
Gala Beast Volk,gvolk,bolk,bvolk
Gala Cat Sìth,cat,gala cat sith,cat sith
Gala Chronos Nyx,nyx,gnyx,chronos nyx
Gala Elysium,elysium,gelysium
Gala Mars,mars,gmars
Gala Reborn Agni,ragni,gragni
Gala Reborn Jeanne,gjeanne,rjeanne
Gala Reborn Nidhogg,gnid,rnid,grn
Gala Reborn Poseidon,gpos,grp,grpos
Gala Reborn Zephyr,gzeph,rzeph
Gala Thor,lol,thor
Gozu Tenno,gozu
Halloween Maritimus,hmari
Halloween Silke,hsilke
High Brunhilda,hbrun,hbh
High Chthonius,hch
High Jupiter,hjp,kfc
High Mercury,hmc
High Midgardsormr,hms
High Zodiark,hzd
Konohana Sakuya,sakuya
Lumière Pandora,lumiere pandora,pandora
Midgardsormr Zero,mid0
Poliʻahu,poli'ahu,poliahu
Pop-Star Siren,psiren
Primal Brunhilda,pribrun,pbrun,pmym
Summer Cat Sìth,summer cat sith,summer cat
Summer Konohana Sakuya,ssakuya
Summer Marishiten,smari,smarishiten
Tie Shan Gongzhu,tie,tie shan,tsg